v1x,v1y,v1,ext,extV,rot,v2x,v2y,v2,v2 angle,vdx,vdy
0.830018,74.821625,74.826225,0.8026,-1.438458,0.001577,12.936848,-59.37759,60.770554,-1.356274,12.106829,-134.199215
0.830018,74.821625,74.826225,0.8026,-1.438458,0.001577,12.936848,-59.37759,60.770554,-1.356274,12.106829,-134.199215
0.830018,74.821625,74.826225,0.8026,-1.438458,0.001577,12.936848,-59.37759,60.770554,-1.356274,12.106829,-134.199215
2.297692,68.409088,68.447662,0.735914,-1.734703,0.004107,15.629158,-77.591255,79.149689,-1.372027,13.331466,-146.000343
2.297692,68.409088,68.447662,0.735914,-1.734703,0.004107,15.629158,-77.591255,79.149689,-1.372027,13.331466,-146.000343
-0.090115,65.115158,65.115219,0.907397,-0.749785,0.033185,7.443837,-23.723557,24.863987,-1.266751,7.533952,-88.838715
-3.028492,58.784096,58.862057,0.85091,-1.089873,0.031647,8.819435,-37.577785,38.598866,-1.340271,11.847927,-96.361881
-3.028492,58.784096,58.862057,0.85091,-1.089873,0.031647,8.819435,-37.577785,38.598866,-1.340271,11.847927,-96.361881
35.576942,5.921911,36.066437,0.238815,-0.739797,0.004657,54.052017,-238.360718,244.41246,-1.347802,18.475075,-244.282629
36.66029,5.012818,37.001419,0.237245,-0.679947,0.018763,58.413055,-240.533752,247.524887,-1.332561,21.752766,-245.546571
1.241383,39.099495,39.119198,0.902593,-0.711709,0.291102,28.215137,-5.262445,28.701694,-0.184393,26.973754,-44.36194
-1.924475,45.585403,45.626007,0.88269,-0.857364,0.217311,23.084541,-19.125673,29.978115,-0.691882,25.009016,-64.711077
4.472287,35.418674,35.699913,0.674294,-1.408768,0.249892,47.561459,-79.177643,92.364449,-1.029867,43.089171,-114.596317
10.254951,27.041512,28.920708,0.838454,-0.773401,0.485207,49.392178,-6.658892,49.83902,-0.134009,39.137227,-33.700403
6.637207,31.778988,32.464695,0.871799,-0.799813,0.334871,35.81802,-7.004696,36.496525,-0.193126,29.180813,-38.783684
9.339334,21.885067,23.794523,0.828597,-0.611754,0.618248,51.507076,-6.51478,51.917446,-0.125815,42.167742,-28.399847
11.245754,26.288366,28.592747,0.842862,-0.720049,0.517766,50.27018,-5.434868,50.563118,-0.107695,39.024426,-31.723235
53.985283,-6.544457,54.380516,0.237998,-0.279656,0.000274,72.064453,-236.344818,247.087357,-1.274839,18.07917,-229.800361
4.551729,18.97921,19.517393,0.799634,-0.601192,0.683643,54.104454,-15.369902,56.245232,-0.276787,49.552725,-34.349112
34.535622,10.253247,36.02552,0.009741,-2.451156,0.004667,55.70945,-325.368469,330.103271,-1.401221,21.173828,-335.621716
35.128696,-25.471245,43.391354,0.105701,-1.236489,0.00696,54.401047,-288.885315,293.962921,-1.384663,19.27235,-263.41407
-30.595823,-9.636579,32.07753,0.58242,-0.056799,0.366709,22.221861,-113.486969,115.642136,-1.377433,52.817684,-103.85039
-0.771383,15.208817,15.228366,0.773041,-0.600341,0.602921,49.711372,-30.241665,58.187447,-0.546533,50.482755,-45.450481
14.828777,25.020378,29.084566,0.820912,-0.82677,0.264456,42.773094,-22.779804,48.46088,-0.489365,27.944317,-47.800182
15.187073,32.238102,35.63625,0.889471,-0.669947,0.368868,41.488686,3.001617,41.597126,0.072222,26.301613,-29.236485
38.005962,18.762581,42.384991,0.125882,-1.515574,0.006907,60.301407,-284.849548,291.162354,-1.362181,22.295444,-303.612129
35.796722,-43.534893,56.362152,0.181303,-0.537617,0.008117,55.286163,-257.574158,263.440704,-1.359363,19.489441,-214.039265
11.023923,24.373392,26.750498,0.826771,-0.635917,0.671684,57.250389,-2.561084,57.307644,-0.044705,46.226466,-26.934476
35.318451,17.548744,39.437943,0.037804,-3.218486,0.009661,54.3508,-314.806824,319.464142,-1.399834,19.032349,-332.355568
38.2841,264.885376,267.637695,0.746798,-2.159855,0.038231,74.167679,-158.836304,175.299225,-1.133941,35.883579,-423.72168
-35.011242,-11.660316,36.901897,0.616705,-0.067672,0.387341,14.852959,-100.30941,101.403099,-1.423793,49.864201,-88.649095
33.509956,190.251373,193.179977,0.590472,-3.134702,-0.181242,-39.857491,-172.689301,177.229263,-1.797629,-73.367447,-362.940674
34.832321,-31.212511,46.77084,0.114565,-2.025799,0.014773,53.331966,-285.076355,290.022125,-1.385854,18.499645,-253.863844
50.540382,124.28051,134.163986,0.71898,-2.152583,-0.321259,-33.785904,-107.822372,112.991821,-1.874453,-84.326286,-232.102882
36.398445,16.022839,39.769058,0.178957,-1.32354,0.001639,55.771458,-262.485168,268.344757,-1.361435,19.373013,-278.508007
37.825493,258.536011,261.288422,0.743937,-2.18384,-0.006791,28.290287,-167.804138,170.17218,-1.403776,-9.535206,-426.340149
-35.180058,60.454834,69.945862,0.127438,-3.081581,-0.009356,-59.139904,-291.867737,297.799103,-1.770715,-23.959846,-352.322571
-47.398228,3.712054,47.543362,0.142989,-0.842297,-0.002923,-68.373817,-272.663116,281.105225,-1.816493,-20.97559,-276.375171
35.30257,219.506332,222.327026,0.693577,-2.481163,-0.129652,-19.314001,-157.732819,158.910904,-1.692637,-54.616571,-377.239151
9.063986,116.378151,116.730591,0.607793,-2.697267,-0.194572,-52.011814,-132.97702,142.786957,-1.943636,-61.0758,-249.355171
40.03376,246.162659,249.39679,0.889486,-0.994625,-0.17258,-27.72785,-124.142792,127.201675,-1.790544,-67.76161,-370.30545
-35.029709,-40.163544,53.293438,0.148051,-1.229822,-0.003784,-52.93935,-270.267548,275.403564,-1.764225,-17.909641,-230.104004
-40.429485,123.294724,129.75412,0,-4.600429,-0.004793,-57.985668,-342.492737,347.366669,-1.738511,-17.556183,-465.78746
-29.15815,50.554974,58.360973,0.141769,-2.725942,-0.021436,-55.013203,-282.114899,287.428711,-1.763382,-25.855053,-332.669872
-53.538174,4.468918,53.724361,0.062693,-0.960803,-0.040536,-87.441391,-302.034241,314.437073,-1.8526,-33.903217,-306.503159
-44.639481,6.87447,45.16571,0.104907,-0.982741,-0.021815,-71.60614,-289.03717,297.774963,-1.813647,-26.96666,-295.91164
-32.991859,-11.045835,34.791855,0.058248,-1.626885,-0.002581,-52.591595,-307.190216,311.659607,-1.740355,-19.599735,-296.144382
-34.525269,-10.316337,36.033607,0.071581,-2.554584,-0.004908,-50.476044,-299.247375,303.474579,-1.7379,-15.950775,-288.931039
-45.979019,80.351265,92.576439,0,-4.274413,-0.012774,-68.356743,-328.986298,336.012848,-1.775661,-22.377724,-409.337563
-56.882988,166.609589,176.052353,0.230038,-4.764494,-0.009925,-88.712524,-279.966125,293.68512,-1.877656,-31.829536,-446.575714
-37.944626,254.882111,257.691071,0.647259,-2.854438,-0.130809,-110.198029,-166.706833,199.836868,-2.154886,-72.253403,-421.588943
-66.863983,34.831848,75.392639,0.015747,-2.519807,-0.014374,-100.119141,-324.829285,339.908661,-1.869778,-33.255157,-359.661133
-36.638187,169.864044,173.770401,0.258049,-4.625134,-0.012197,-65.261192,-273.168579,280.855988,-1.805305,-28.623005,-443.032623
-35.709034,150.756348,154.927765,0.050165,-5.244176,-0.013999,-64.849106,-336.034882,342.235077,-1.761436,-29.140072,-486.791229
-45.110657,-16.51388,48.038311,0.078072,-1.775615,-0.00196,-64.818321,-296.436218,303.440002,-1.786067,-19.707664,-279.922338
-45.520073,202.0103,207.075439,0.339409,-4.536991,-0.145897,-129.680328,-237.849121,270.904388,-2.069963,-84.160255,-439.859421
-37.963657,-15.825014,41.129921,0.076008,-1.491863,-0.011306,-59.835091,-299.805359,305.717987,-1.767788,-21.871433,-283.980345
-76.967331,171.117981,187.630844,0.646793,-2.715221,0.444548,68.196846,-142.228699,157.733353,-1.123693,145.164177,-313.34668
-43.623413,140.923492,147.520966,0.01767,-5.164838,-0.01868,-74.519363,-344.232483,352.206085,-1.783986,-30.89595,-485.155975
-1.474989,4.177095,4.429866,0.767493,-0.102403,0.010247,20.227047,-44.927727,49.271027,-1.147765,21.702036,-49.104822
-45.019806,296.406708,299.806122,0.887468,-1.012787,-0.070839,-92.267487,-126.471252,156.551163,-2.201082,-47.247681,-422.87796
1.656248,54.624821,54.649925,0.897914,-0.787001,0.149828,19.03936,-20.099579,27.68556,-0.81248,17.383112,-74.7244
6.234319,33.049339,33.63221,0.867834,-0.823386,0.329877,36.708397,-10.988554,38.31781,-0.290858,30.474078,-44.037893
52.576111,25.870222,58.596207,0.064026,-1.98891,0.02041,82.891159,-306.763214,317.765045,-1.306887,30.315048,-332.633436
-67.66349,-12.753917,68.854996,0.103074,-0.287859,-0.018275,-95.692947,-284.274963,299.949005,-1.895503,-28.029457,-271.521047
11.001725,26.407345,28.607443,0.853442,-0.718437,0.488552,47.027397,-3.796085,47.180359,-0.080546,36.025672,-30.20343
-42.991158,271.591736,274.973297,0.895839,-0.937448,0.094281,-3.27976,-127.586525,127.62867,-1.596497,39.711398,-399.178261
5.85506,20.191242,21.023035,0.819507,-0.600525,0.675452,51.383614,-9.080646,52.179821,-0.174917,45.528553,-29.271888
-28.281237,-8.102568,29.419041,0.56685,-0.085692,0.35894,25.93762,-118.473518,121.279572,-1.355265,54.218857,-110.370951
24.760893,28.345919,37.637653,0.151697,-1.857571,0.000888,43.276646,-275.611084,278.988068,-1.415047,18.515753,-303.957003
54.812973,188.65538,196.456894,0.431715,-3.939862,0.000493,80.148781,-218.062836,232.325684,-1.218574,25.335808,-406.718216
-61.016258,202.979675,211.952194,0.582508,-3.202787,0.192027,14.432683,-185.790802,186.35054,-1.49327,75.448941,-388.770477
58.561203,-4.160826,58.708832,0.58713,-0.024447,0.005896,70.520424,-105.490448,126.891151,-0.981525,11.959221,-101.329622
39.451664,19.132673,43.846245,0.114171,-1.542664,0.014744,64.346741,-288.71582,295.799469,-1.351508,24.895077,-307.848494
11.057559,150.848709,151.253448,0.79641,-1.649923,0.00333,25.44919,-95.0065,98.355965,-1.309073,14.391631,-245.855209
67.76825,-27.214159,73.028389,0.322579,0.781679,0.020751,87.956032,-204.656769,222.756943,-1.16489,20.187782,-177.44261
47.155846,1.459548,47.178429,0.033162,-2.303876,0.012814,69.831985,-315.319061,322.959167,-1.352849,22.67614,-316.778609
27.745064,-35.264214,44.870407,0.136225,-1.329459,0.005721,45.318485,-277.631073,281.305481,-1.408991,17.573421,-242.366859
49.344021,-6.188653,49.730591,0.215845,-0.226022,0.016247,71.088379,-246.591827,256.634155,-1.290123,21.744358,-240.403174
41.533909,61.704937,74.38121,0,-4.07684,0.004212,57.235352,-330.678741,335.595459,-1.39941,15.701443,-392.383678
52.655823,51.912823,73.943069,0,-3.413481,0.008521,76.91246,-328.455048,337.339935,-1.340776,24.256638,-380.36787
25.813513,-45.092422,51.95829,0.180025,-0.911944,0.008658,44.533516,-261.009705,264.781616,-1.401803,18.720003,-215.917282
35.82576,-11.33309,37.575577,0.793479,0.739937,-0.017808,-0.458233,-32.680664,32.683876,-1.584817,-36.283993,-21.347574
40.217228,-37.390602,54.91341,0.204574,-0.107437,0.029841,62.958992,-250.370621,258.165222,-1.324441,22.741764,-212.980019
4.901712,40.826336,41.119537,0.775087,-1.28944,-0.247129,-31.707394,-48.976406,58.344212,-2.145343,-36.609106,-89.802742
38.232235,230.911591,234.055267,0.527509,-3.618248,0.106096,102.90432,-198.32637,223.433762,-1.092172,64.672085,-429.237961
-7.28461,51.43977,51.953011,0.875343,-0.91107,-0.008301,-14.91148,-24.666115,28.823072,-2.114542,-7.62687,-76.105885
50.790302,213.788254,219.738647,0.472113,-3.843126,0.127326,123.913696,-199.486145,234.838943,-1.01496,73.123394,-413.274399
-3.530242,39.359882,39.517883,0.888255,-0.777302,-0.328386,-33.054962,-8.995144,34.257015,-2.8759,-29.52472,-48.355026
25.642778,-45.383507,52.126907,0.176518,-0.742605,0.000848,42.93298,-262.598267,266.084747,-1.408737,17.290201,-217.21476
-10.185878,25.564783,27.51927,0.878958,-0.651465,-0.479027,-40.699764,2.275604,40.763332,3.085739,-30.513886,-23.289179
28.359842,-45.848919,53.911072,0.46433,1.312236,0.122676,57.361721,-149.789001,160.396729,-1.205074,29.001879,-103.940083
-2.864295,18.548658,18.768509,0.805516,-0.607947,-0.714319,-53.943699,-12.62445,55.401257,-2.9117,-51.079404,-31.173108
57.002037,-5.001389,57.221027,0.034526,-1.993696,0.014958,81.626953,-313.803558,324.246246,-1.316315,24.624916,-308.80217
66.423416,97.147331,117.684639,0.239371,-4.007615,-0.283634,-23.170322,-264.688232,265.700439,-1.658112,-89.593739,-361.835564
27.046654,-7.577903,28.088184,0.556634,-0.120105,-0.377575,-29.742268,-121.725853,125.30677,-1.810439,-56.788921,-114.14795
29.780014,-22.32658,37.219959,0.112581,-0.915242,0.006672,48.946404,-286.677612,290.82608,-1.40169,19.166389,-264.351032
50.117985,17.518988,53.09169,0,-1.967798,0.012407,76.473518,-327.750488,336.553986,-1.341569,26.355534,-345.269476
-22.723972,51.210796,56.026108,0,-3.670333,-0.000095,-39.947891,-330.124023,332.532257,-1.69122,-17.223919,-381.33482
-39.279247,22.769413,45.4016,0.10173,-1.73378,-0.008461,-62.853962,-291.765503,298.458923,-1.78298,-23.574715,-314.534916
57.884811,283.196106,289.051331,0.870527,-1.165253,-0.023843,45.486305,-148.422577,155.23616,-1.273419,-12.398506,-431.618683
32.416862,19.890757,38.032818,0.018751,-3.090997,0.004201,51.708168,-322.401276,326.521545,-1.411766,19.291306,-342.292032
29.535593,133.599869,136.825714,0.887331,-0.962483,-0.168436,-19.254688,-63.176102,66.045158,-1.866631,-48.790281,-196.77597
50.88018,245.610016,250.824783,0.628085,-3.004715,0.08609,107.841415,-174.895569,205.470749,-1.018257,56.961235,-420.505585
-20.72788,25.681404,33.00272,0.429723,-1.445159,-0.000899,-34.807007,-174.453217,177.891678,-1.767731,-14.079126,-200.134621
-41.593182,98.493179,106.915382,0,-4.695343,-0.00932,-62.709526,-330.158295,336.060974,-1.758498,-21.116344,-428.651474
-27.551567,229.60759,231.2547,0.50624,-3.775992,-0.061308,-73.857674,-212.407394,224.881882,-1.905436,-46.306107,-442.014984
56.893204,106.0448,120.342583,0.449486,-3.400296,-0.315565,-41.738865,-187.28717,191.881775,-1.790073,-98.632069,-293.33197
35.418079,224.311218,227.09021,0.591076,-3.146469,0.038274,70.967316,-179.904617,193.396042,-1.195065,35.549236,-404.215836
-31.650282,90.40625,95.786377,0.287285,-3.548755,-0.00546,-52.032425,-239.000793,244.599167,-1.78516,-20.382143,-329.407043
-45.161919,-6.547957,45.63414,0.044311,-2.144419,-0.012964,-66.762421,-311.179901,318.261139,-1.782139,-21.600502,-304.631944
-35.16523,58.759323,68.478111,0,-3.146306,-0.003496,-55.35508,-333.447205,338.010681,-1.735305,-20.18985,-392.206528
-42.538956,268.350311,271.70105,0.73266,-2.279696,-0.068119,-91.349091,-162.419495,186.345779,-2.08313,-48.810135,-430.769806
52.213863,159.507034,167.835571,0.840422,-1.361461,-0.228029,-14.377969,-92.67762,93.786285,-1.724709,-66.591832,-252.184654
-31.475456,-31.627777,44.620853,0.11134,-1.517372,-0.005044,-49.111412,-286.875,291.048431,-1.740347,-17.635956,-255.247223
-39.829517,6.14757,40.301155,0.218566,-0.798943,-0.009487,-60.319752,-247.889771,255.123138,-1.80949,-20.490234,-254.037341
-60.571823,11.145519,61.588703,0.004676,-1.961574,-0.01776,-89.810509,-321.917908,334.211121,-1.842864,-29.238686,-333.063427
-45.077953,204.886841,209.787125,0.448978,-3.997811,-0.014091,-74.527084,-222.352646,234.510101,-1.894204,-29.449131,-427.239487
-37.669044,269.557709,272.177002,0.77877,-1.889226,-0.070081,-84.631088,-141.186737,164.608978,-2.110794,-46.962044,-410.744446
-33.765907,-0.014806,33.765911,0.047097,-2.427485,-0.023376,-57.940025,-310.563416,315.921967,-1.75524,-24.174118,-310.548609
-34.257919,-46.834526,58.026527,0.242305,0.046548,-0.059267,-63.28606,-234.935577,243.310196,-1.833927,-29.028141,-188.101051
-51.413307,191.103073,197.898239,0.804242,-1.669607,0.2163,24.029749,-119.826553,122.212242,-1.372884,75.443056,-310.929626
-62.036289,4.608947,62.207264,0.023757,-1.193438,-0.003971,-89.076271,-318.154907,330.389343,-1.843784,-27.039982,-322.763855
-8.579338,7.5667,11.439405,0.799281,0.225624,0.246562,33.26926,-27.028574,42.864758,-0.682268,41.848598,-34.595274
44.45079,6.554865,44.931492,0.112689,-0.902787,0.053417,78.939087,-284.107178,294.869934,-1.299783,34.488297,-290.662043
9.691606,34.449261,35.786572,0.817249,-1.012829,0.301546,43.827686,-26.337954,51.13271,-0.541113,34.136081,-60.787214
14.028954,32.952263,35.814289,0.865273,-0.806642,0.323981,42.702644,-8.970015,43.634586,-0.207047,28.673691,-41.922277
-38.695114,-2.268289,38.761539,0.024647,-1.848007,-0.013958,-63.175289,-319.008423,325.203766,-1.766303,-24.480175,-316.740134
-39.800701,181.288589,185.606171,0.305316,-4.543837,-0.027536,-74.63826,-258.896515,269.440674,-1.851479,-34.837559,-440.185104
17.282063,28.671579,33.477291,0.776598,-0.781922,0.599282,70.982681,-17.548357,73.119667,-0.242361,53.700619,-46.219936
-61.092201,259.552856,266.645721,0.755134,-2.089018,-0.003226,-86.091324,-154.60553,176.959274,-2.07888,-24.999123,-414.158386
48.138283,56.53495,74.252914,0,-3.88443,0.007104,70.000832,-328.327881,335.707184,-1.360737,21.862549,-384.862831
-28.260735,-8.856948,29.616121,0.587944,-0.008215,0.34858,22.714149,-108.485535,110.837921,-1.364403,50.974884,-99.628587
-68.197319,154.843521,169.196304,0.922123,-0.700892,0.397822,30.333738,-74.518875,80.456192,-1.184218,98.531057,-229.362396
-42.203465,-11.92923,43.857029,0.049222,-1.094638,-0.016826,-67.780632,-309.3237,316.662842,-1.786512,-25.577168,-297.39447
-42.784695,196.596405,201.198105,0.342345,-4.514691,-0.073912,-97.009705,-246.542969,264.942078,-1.945669,-54.22501,-443.139374
43.614536,5.473803,43.956688,0.308491,-0.713658,0.00278,60.979118,-214.443726,222.945206,-1.29375,17.364582,-219.917528
40.568867,12.095421,42.333584,0.115966,-1.229571,0.002672,62.181351,-287.345032,293.996063,-1.357683,21.612484,-299.440453
46.866428,245.319794,249.756409,0.660321,-2.749198,0.078942,99.118851,-164.069794,191.685791,-1.027348,52.252422,-409.389587
-41.221767,-43.992485,60.287418,0.274087,0.413351,-0.002949,-60.327461,-225.298096,233.235138,-1.832426,-19.105694,-181.305611
40.823582,84.172028,93.549423,0.059909,-3.865463,0.014191,70.10183,-320.388733,327.968292,-1.355389,29.278248,-404.56076
-16.536846,-11.80403,20.317539,0.779114,0.983292,0.123038,17.193703,-33.62122,37.762543,-1.098075,33.730549,-21.817189
37.870247,-8.94761,38.912918,0.072947,-2.678456,0.013714,55.92577,-298.262512,303.460419,-1.385443,18.055523,-289.314902
0.095557,42.238617,42.238724,0.793007,-1.240789,0.200357,30.71479,-43.895161,53.574093,-0.960251,30.619234,-86.133778
63.712395,31.719408,71.171555,0.015912,-2.379969,0.010265,95.028214,-324.983643,338.592285,-1.286318,31.315819,-356.703051
5.561454,46.226822,46.560162,0.863494,-0.954049,0.097429,21.264088,-25.884596,33.498863,-0.883085,15.702633,-72.111418
-40.814968,197.75795,201.925903,0.816395,-1.566923,0.153357,17.125,-116.507065,117.758919,-1.424855,57.939968,-314.265015
7.088943,35.325512,36.029781,0.798385,-1.099194,0.328033,45.957821,-32.591228,56.341011,-0.616844,38.868877,-67.91674
47.425808,239.368301,244.021286,0.650315,-2.827718,0.03517,83.569122,-172.39624,191.583557,-1.119423,36.143314,-411.764542
18.422596,37.878551,42.120979,0.911569,-0.634388,0.221604,33.37196,-2.783666,33.487858,-0.083221,14.949364,-40.662218
40.134193,8.24613,40.97258,0.132881,-1.01077,0.00376,61.44091,-280.349854,287.00354,-1.355049,21.306717,-288.595984
38.784664,150.312073,155.235199,0.075913,-5.128151,0.012214,70.836441,-328.487274,336.038239,-1.358404,32.051777,-478.799347
14.929795,28.398104,32.0835,0.824038,-0.764172,0.554183,58.82856,-5.042621,59.044285,-0.085508,43.898765,-33.440724
57.110378,41.349876,70.508209,0.025012,-2.691332,0.004347,85.469833,-324.598419,335.662384,-1.313331,28.359455,-365.948296
-33.26339,-11.382014,35.156841,0.608392,-0.017227,0.373813,16.698009,-104.9869,106.306503,-1.413069,49.961399,-93.604886
-56.791401,-5.256238,57.034122,0.566284,0.030613,-0.003442,-68.629196,-113.329155,132.489487,-2.115304,-11.837795,-108.072917
35.708042,-25.809723,44.05912,0.1009,-2.035285,0.008194,53.27187,-290.480682,295.325104,-1.38942,17.563828,-264.670959
49.490494,292.726166,296.88031,0.872934,-1.143597,0.055236,92.223335,-135.38176,163.808929,-0.972793,42.732841,-428.107925
37.327705,16.328886,40.742973,0.170548,-1.333475,0.016392,60.679771,-264.838745,271.701294,-1.345564,23.352066,-281.167631
-66.969093,-24.916412,71.454094,0.221494,0.481831,-0.004532,-87.466339,-243.580215,258.808197,-1.915543,-20.497246,-218.663803
66.641434,-5.232386,66.846527,0.05449,-0.70268,0.021412,97.651825,-304.896851,320.153046,-1.260841,31.010391,-299.664465
-56.884834,-2.207496,56.92765,0.58629,-0.044523,-0.030207,-71.93071,-107.106949,129.019089,-2.162192,-15.045876,-104.899453
36.635742,77.613045,85.825188,0,-4.245144,0.002391,53.971462,-330.304504,334.684906,-1.408829,17.33572,-407.917549
35.056339,-22.943947,41.897156,0.108084,-1.096829,0.002172,53.719322,-288.251953,293.214844,-1.386548,18.662983,-265.308006
-38.84523,-45.214981,59.609951,0.26801,0.327531,-0.026459,-62.286743,-226.545624,234.95224,-1.839108,-23.441513,-181.330643
-68.102562,-26.33374,73.016609,0.27361,0.623168,-0.009563,-87.861931,-221.167999,237.981094,-1.948941,-19.759369,-194.834259
69.601425,274.939026,283.612122,0.892635,-0.966287,-0.091723,33.841064,-132.568939,136.820099,-1.320863,-35.760361,-407.507965
36.445198,247.05452,249.728241,0.647228,-2.853641,0.072739,86.202377,-173.819321,194.020645,-1.110409,49.757179,-420.87384
35.175243,3.018389,35.304512,0.056172,-2.87431,0.013153,54.011292,-304.889557,309.636658,-1.395465,18.836048,-307.907946
-38.591354,14.970398,41.393303,0.02052,-2.727676,-0.002229,-57.92997,-318.732056,323.953705,-1.750585,-19.338615,-333.702454
18.253361,106.43885,107.992661,0.77075,-1.756481,-0.10413,-15.629894,-83.98761,85.429573,-1.754789,-33.883255,-190.42646
-46.270367,-11.565216,47.693825,0.053639,-1.607125,-0.012627,-70.269806,-307.585327,315.51004,-1.795398,-23.999439,-296.020111
57.462837,41.692806,70.994843,0.021481,-2.703752,0.008985,87.464455,-325.572601,337.116516,-1.308345,30.001617,-367.265408
-40.070957,3.750069,40.246052,0.238568,-0.627498,-0.024496,-63.099728,-239.210968,247.393326,-1.828704,-23.02877,-242.961037
37.602638,170.564728,174.660492,0.221386,-4.821897,0.024592,72.281204,-285.734802,294.735382,-1.323028,34.678566,-456.29953
-39.382893,224.672012,228.097626,0.526772,-3.621767,-0.042041,-78.617142,-204.962296,219.522659,-1.937058,-39.234249,-429.634308
-47.114822,190.571228,196.308945,0.348586,-4.468543,-0.010933,-75.910217,-248.715195,260.041565,-1.867025,-28.795395,-439.286423
-36.852417,-22.587416,43.223743,0.095058,-1.316446,-0.005431,-56.250038,-290.301666,295.70108,-1.762189,-19.397621,-267.714251
-48.506058,23.764706,54.014801,0.008206,-2.78687,-0.001689,-69.386673,-322.84259,330.214844,-1.7825,-20.880615,-346.607296
43.432518,13.331407,45.43248,0.039046,-3.049897,0.010359,63.359283,-313.703552,320.037994,-1.371505,19.926765,-327.034959
-56.963684,-3.253887,57.056545,0.626504,0.050122,-0.023136,-70.160057,-90.079094,114.178268,-2.232521,-13.196373,-86.825207
-41.442688,-22.880322,47.33926,0.118608,-0.553147,-0.008265,-62.639362,-283.695038,290.528076,-1.788108,-21.196674,-260.814716
-37.233829,52.059925,64.004639,0.010408,-3.89892,-0.008119,-56.772507,-322.887573,327.840668,-1.744845,-19.538677,-374.947498
-64.337006,-24.839073,68.965424,0.421246,0.830713,-0.013493,-80.37365,-168.570831,186.751297,-2.015708,-16.036644,-143.731758
42.696018,237.124969,240.938171,0.641701,-2.895894,-0.002958,34.04039,-180.646332,183.825592,-1.384544,-8.655628,-417.771301
49.432186,-10.529728,50.541233,0.59016,0.564523,0.043971,64.999405,-104.955109,123.452415,-1.016302,15.567219,-94.425381
-41.356121,217.176178,221.078766,0.713214,-2.325015,0.147288,16.866346,-149.13205,150.082794,-1.458178,58.222467,-366.308228
-56.580376,53.298485,77.730736,0.05558,-3.064732,-0.007546,-85.163483,-312.642822,324.034485,-1.836743,-28.583107,-365.941307
-38.625443,212.37619,215.860077,0.459631,-3.93028,-0.081392,-93.669632,-214.237137,233.819489,-1.982975,-55.044189,-426.613327
14.956431,131.805237,132.651108,0.674368,-2.376964,-0.272715,-63.247269,-112.330688,128.912369,-2.0836,-78.2037,-244.135925
67.187744,-24.837849,71.631775,0.275393,0.576167,0.013473,87.56707,-220.334198,237.097351,-1.192509,20.379326,-195.496349
29.639553,42.3918,51.725891,0.117387,-2.479014,0.01182,53.059456,-292.690399,297.460876,-1.391462,23.419903,-335.082199
-60.220566,-7.089342,60.636421,0.136928,-0.410733,-0.021656,-86.985573,-274.802917,288.241455,-1.877356,-26.765007,-267.713576
-49.855827,-23.67404,55.191154,0.095691,-0.953303,-0.020358,-74.940895,-290.99231,300.487366,-1.822855,-25.085068,-267.31827
-57.566147,236.165039,243.079803,0.663572,-2.722154,-0.00487,-83.330017,-167.351196,186.950043,-2.032791,-25.76387,-403.516235
46.161022,-23.713373,51.895702,0.090833,-1.406135,0.014586,68.49054,-293.41153,301.299316,-1.341474,22.329517,-269.698156
36.251305,60.03009,70.126808,0,-4.034302,0.01237,58.214828,-326.206818,331.360626,-1.394196,21.963524,-386.236908
-58.505795,33.66272,67.49894,0.00594,-2.411877,-0.021233,-92.703598,-328.798981,341.617828,-1.845609,-34.197803,-362.4617
-45.93927,-9.361945,46.883499,0.048544,-1.700415,-0.018642,-71.776352,-309.220795,317.441864,-1.798877,-25.837082,-299.85885
-48.361431,152.980225,160.442444,0.221463,-4.617004,0.065183,-26.024967,-285.065826,286.251312,-1.661839,22.336464,-438.046051
45.420971,131.536072,139.157471,0.029582,-4.919329,0.001885,71.001053,-339.415009,346.761719,-1.364583,25.580082,-470.95108
39.234589,246.347183,249.451965,0.613748,-3.118986,0.066576,88.463654,-187.43042,207.25824,-1.129814,49.229065,-433.777603
-48.067474,191.162766,197.113373,0.373825,-4.309695,-0.016897,-79.488861,-238.855896,251.735214,-1.892058,-31.421387,-430.018661
29.670696,-19.246647,35.366421,0.275323,0.671949,0.03382,51.164806,-224.724243,230.475204,-1.346934,21.49411,-205.477596
55.530762,24.86433,60.843243,0.000448,-2.592663,0.01624,83.516266,-326.73941,337.244141,-1.320549,27.985504,-351.603741
47.465958,272.35257,276.457855,0.774868,-1.922276,0.104202,107.403625,-137.375687,174.377808,-0.907237,59.937668,-409.728256
57.270874,-5.800501,57.563869,0.565715,0.063733,0.007096,69.526123,-115.604706,134.901184,-1.029339,12.255249,-109.804205
-34.333832,-49.911396,60.580189,0.335914,0.751351,-0.05239,-56.502384,-197.960251,205.865936,-1.848827,-22.168552,-148.048855
70.370949,109.74855,130.371826,0.736086,-2.023696,-0.533752,-54.804779,-92.86084,107.827171,-2.103965,-125.175728,-202.60939
35.215977,86.890289,93.75547,0.002314,-4.055995,0.001041,58.97084,-340.412323,345.482422,-1.399265,23.754864,-427.302612
66.835892,-24.316193,71.121826,0.206299,0.437909,0.006526,88.229568,-249.134964,264.2966,-1.230435,21.393677,-224.818771
54.978409,227.5634,234.110504,0.53359,-3.570918,0.101449,118.824112,-190.634827,224.634827,-1.013415,63.845703,-418.198227
-56.385887,0.146672,56.386078,0.229511,-0.6432,-0.014196,-78.115318,-241.139557,253.47641,-1.884071,-21.729431,-241.286229
-39.88456,85.914948,94.721466,0.14103,-3.733722,-0.027401,-71.124435,-287.271606,295.945374,-1.813502,-31.239876,-373.186554
28.586651,-49.902725,57.510681,0.439741,1.223648,0.064424,50.933598,-158.926254,166.888535,-1.260653,22.346947,-109.023529
59.405834,114.035561,128.581345,0.442101,-3.470881,-0.301697,-38.108086,-195.166183,198.851868,-1.76363,-97.51392,-309.201744
38.879475,253.197113,256.164764,0.671886,-2.658885,0.122065,105.983398,-157.488754,189.829361,-0.97845,67.103924,-410.685867
-41.254673,-22.314405,46.902885,0.108672,-0.72118,-0.002875,-61.345764,-287.683167,294.151154,-1.78089,-20.091091,-265.368761
-43.377365,190.878998,195.745728,0.52237,-3.484373,0.134551,13.419418,-194.7285,195.190338,-1.501992,56.796783,-385.607498
45.118523,50.341923,67.6017,0.070097,-2.882971,0.012122,72.68367,-310.267883,318.667664,-1.340685,27.565147,-360.609806
66.617462,15.751555,68.454346,0,-1.958391,0.022973,99.060516,-325.240479,339.991699,-1.275146,32.443054,-340.992034
-33.107311,60.941845,69.354179,0.002393,-3.284821,-0.01081,-60.300034,-335.876343,341.246246,-1.748434,-27.192722,-396.818188
16.443653,103.003326,104.307617,0.332783,-3.562059,0.085821,59.170601,-224.121063,231.800369,-1.312674,42.726948,-327.12439
-37.158653,-5.921175,37.62746,0.068742,-2.608092,-0.011287,-56.329727,-302.713196,307.909607,-1.754775,-19.171074,-296.792021
48.656994,190.741806,196.850052,0.393539,-4.184497,0.014259,79.012428,-231.938644,245.027542,-1.242465,30.355434,-422.68045
-39.67865,251.270889,254.38446,0.621798,-3.055655,-0.115671,-107.771698,-177.968964,208.056946,-2.115297,-68.093048,-429.239853
38.568817,-9.816226,39.798393,0.054782,-1.995245,0.015475,60.596451,-307.557556,313.470215,-1.376263,22.027634,-297.74133
-38.893898,159.174545,163.857468,0.160983,-4.931132,-0.005441,-66.67202,-301.958221,309.231171,-1.788108,-27.778122,-461.132767
-58.78965,-4.88132,58.991951,0.584622,0.01922,-0.009231,-71.076332,-108.442764,129.659851,-2.150977,-12.286682,-103.561445
47.831474,169.584503,176.200897,0.640053,-2.758928,-0.242141,-36.683739,-148.204086,152.67662,-1.813441,-84.515213,-317.788589
-63.51107,21.997692,67.212753,0,-2.465567,-0.01879,-91.623604,-326.484436,339.09729,-1.844396,-28.112534,-348.482128
-66.28627,-27.983624,71.951042,0.303518,0.778532,-0.006776,-84.570724,-212.819611,229.007416,-1.949044,-18.284454,-184.835987
-39.779339,35.148487,53.083069,0.061465,-2.302663,-0.014175,-66.696533,-311.142761,318.211029,-1.781961,-26.917194,-346.291248
41.181465,190.798187,195.191864,0.364561,-4.367991,0.007587,67.807549,-244.064087,253.308395,-1.299804,26.626083,-434.862274
-44.780197,166.443985,172.362595,0.282447,-4.484536,0.003325,-45.664967,-265.182434,269.08551,-1.741326,-0.884769,-431.626419
-59.662338,213.350128,221.535263,0.442904,-4.04143,-0.134239,-137.884659,-205.550934,247.514374,-2.161659,-78.222321,-418.901062
-47.906105,14.913594,50.173798,0.01756,-2.714223,-0.004055,-69.215378,-321.787231,329.147064,-1.782665,-21.309273,-336.700826
36.006416,-43.57119,56.52354,0.219334,-0.084817,0.026119,58.92067,-245.082489,252.065613,-1.334862,22.914253,-201.511299
-45.025433,191.646286,196.864395,0.377387,-4.287478,-0.025117,-79.25383,-234.981323,247.986679,-1.896092,-34.228397,-426.627609
-31.898548,177.190887,180.039246,0.556239,-3.235511,0.055975,-3.846407,-180.510239,180.551208,-1.592102,28.052141,-357.701126
-77.274979,143.351746,162.853134,0.592611,-2.966982,0.393047,47.573143,-153.889862,161.075424,-1.270978,124.848122,-297.241608
-46.493752,224.560501,229.323105,0.555138,-3.411692,-0.056901,-91.321739,-190.039124,210.842422,-2.018757,-44.827988,-414.599625
2.74,130.460754,130.489517,0.689211,-2.272839,0.115248,43.509285,-112.832321,120.930519,-1.202756,40.769285,-243.293076
36.312687,-6.087626,36.819431,0.039374,-1.760737,0.007238,58.046795,-313.939819,319.261078,-1.387963,21.734108,-307.852194
-44.598438,-10.460832,45.808838,0.04732,-1.419665,-0.017892,-70.304123,-307.203217,315.145172,-1.795774,-25.705685,-296.742385
40.936069,39.570671,56.935051,0.081641,-2.449661,0.013783,67.522697,-304.367249,311.76712,-1.352486,26.586628,-343.93792
57.224236,-10.41111,58.163597,0.153823,-0.160067,0.025021,83.690285,-268.522552,281.262207,-1.268668,26.466049,-258.111443
-56.810654,52.503262,77.356598,0,-3.069422,-0.014842,-84.435486,-328.058014,338.749786,-1.822708,-27.624832,-380.561275
-47.242191,180.516113,186.59552,0.337911,-4.352342,-0.029018,-83.003677,-245.12085,258.79306,-1.8973,-35.761486,-425.636963
45.470219,167.680573,173.736343,0.279568,-4.502566,0.011357,74.78569,-263.62619,274.028595,-1.294378,29.315472,-431.306763
-23.481991,-15.836533,28.32313,0.553914,0.84106,-0.00954,-35.995796,-118.988815,124.314262,-1.864558,-12.513805,-103.152283
33.361641,-48.291824,58.694969,0.50059,1.456947,0.165071,63.092003,-131.602814,145.944855,-1.123754,29.730362,-83.310989
-56.442871,-11.266007,57.556236,0.119996,-0.161208,-0.017885,-82.367165,-281.658813,293.455353,-1.855299,-25.924294,-270.392806
-44.808605,156.384995,162.677826,0.477232,-3.604545,0.270519,54.87455,-193.490646,201.12146,-1.29445,99.683155,-349.875641
40.677975,-19.191019,44.977695,0.089068,-0.99781,0.002798,61.049747,-295.09671,301.345551,-1.366794,20.371773,-275.905691
56.915817,-3.096771,57.000004,0.612338,-0.021862,0.007147,68.857452,-96.387848,118.456596,-0.950485,11.941635,-93.291077
56.140297,4.413301,56.313499,0.014891,-1.123021,0.001531,81.731995,-319.516541,329.804382,-1.320367,25.591698,-323.929842
40.929897,38.128147,55.937572,0,-2.811437,0.003369,62.716133,-329.116913,335.039185,-1.382495,21.786236,-367.24506
65.101845,-25.080175,69.765785,0.42833,0.903212,0.032578,83.648544,-164.635437,184.667007,-1.100703,18.5467,-139.555262
-44.002724,-5.670007,44.366528,0.050662,-2.232068,-0.00504,-64.827972,-309.362793,316.082275,-1.777361,-20.825249,-303.692786
41.192577,131.618942,137.914383,0,-4.721985,0.000969,55.879227,-348.383209,352.836151,-1.411755,14.686649,-480.002151
54.136185,197.836365,205.109619,0.377081,-4.294026,0.105006,120.666756,-224.0896,254.512497,-1.076844,66.530571,-421.925964
58.592369,44.161667,73.371101,0.00846,-2.82537,0.014811,91.2257,-330.224915,342.593964,-1.301265,32.633331,-374.386581
41.921276,214.42041,218.479996,0.424366,-4.172315,0.111637,111.184006,-222.696655,248.908981,-1.107739,69.26273,-437.117065
-43.813606,191.251617,196.206039,0.391939,-4.19561,-0.011079,-72.255432,-233.805176,244.715561,-1.870527,-28.441826,-425.056793
72.402786,165.613068,180.748032,0.631484,-2.824368,-0.392549,-58.406639,-149.839127,160.820084,-1.942475,-130.809425,-315.452194
36.59,280.972687,283.345154,0.753205,-2.106208,0.127767,106.655006,-149.47522,183.624985,-0.951048,70.065006,-430.447906
59.270554,214.381851,222.424316,0.474217,-3.826872,0.153146,142.149063,-190.962189,238.06073,-0.9309,82.87851,-405.34404
53.41777,-16.630604,55.946716,0.061008,-0.754834,0.00482,77.47139,-304.652039,314.348022,-1.32178,24.053619,-288.021435
-47.779049,30.237988,56.543552,0.037032,-2.171987,-0.020107,-78.380791,-318.107239,327.621368,-1.812381,-30.601742,-348.345226
-42.682915,-1.565379,42.711609,0.019692,-1.802806,-0.016498,-68.743286,-320.453369,327.743805,-1.782113,-26.060371,-318.887991
56.938263,92.714127,108.802002,0.526619,-2.948381,-0.428185,-58.24054,-153.790222,164.448761,-1.932808,-115.178802,-246.504349
66.317551,-30.488743,72.99028,0.091135,-1.290769,0.019413,91.464394,-291.212402,305.238251,-1.266471,25.146843,-260.72366
-45.72699,37.619457,59.213017,0.057334,-2.44505,-0.006891,-71.690857,-312.984741,321.090363,-1.795967,-25.963867,-350.604198
51.25708,168.240829,175.875717,0.257115,-4.624759,0.017193,84.446503,-270.604584,283.474976,-1.268307,33.189423,-438.845413
-52.005161,208.13446,214.533188,0.424209,-4.167879,-0.076905,-107.992432,-223.285248,248.029556,-2.021281,-55.98727,-431.419708
44.509335,-10.215119,45.666504,0.582303,0.551758,0.029756,58.765968,-108.977676,123.812653,-1.076246,14.256634,-98.762557
61.329105,222.368774,230.671036,0.660841,-2.74211,-0.146203,1.950738,-174.750153,174.761032,-1.559634,-59.378367,-397.118927
-48.142433,192.180069,198.118332,0.42104,-4.01216,-0.030221,-84.017532,-221.143219,236.565567,-1.933877,-35.875099,-413.323288
60.957607,247.112259,254.519745,0.890298,-0.987319,-0.239159,-26.213896,-124.885536,127.607071,-1.777696,-87.171503,-371.997795
-42.807228,-48.548351,64.725586,0.278192,0.466509,-0.012662,-64.900848,-220.535965,229.887436,-1.857004,-22.09362,-171.987614
65.451584,-23.311792,69.479126,0.244254,0.455708,0.004267,85.061653,-235.243225,250.149673,-1.223834,19.610069,-211.931433
-2.017902,134.567276,134.582413,0.719565,-2.149036,-0.076922,-33.638382,-109.347992,114.40509,-1.869236,-31.62048,-243.915268
-40.61512,14.955205,43.281013,0.125208,-1.355364,-0.003293,-62.235184,-284.395325,291.125275,-1.786234,-21.620064,-299.35053
-46.711517,-4.171983,46.897457,0.025497,-1.722749,-0.010986,-71.618668,-315.62735,323.650818,-1.793927,-24.90715,-311.455367
-40.989231,44.236816,60.307652,0,-3.349805,-0.005841,-60.489952,-329.689392,335.192657,-1.752254,-19.500721,-373.926208
45.625301,-8.516171,46.413288,0.03522,-1.407537,0.019405,72.668274,-314.187592,322.481812,-1.343504,27.042973,-305.671421
-52.995216,-7.655327,53.54528,0.173335,-0.268336,-0.006083,-74.080933,-262.77124,273.01413,-1.845586,-21.085716,-255.115913
-36.042358,-14.375985,38.803616,0.081375,-2.223363,-0.001681,-53.202026,-298.337097,303.043701,-1.74727,-17.159668,-283.961112
-49.447136,259.577606,264.245239,0.768214,-1.978246,-0.000067,-72.467346,-150.981323,167.472015,-2.018296,-23.02021,-410.558929
-40.944946,-8.48443,41.814762,0.037351,-1.496116,-0.006346,-63.643612,-311.804199,318.233185,-1.772145,-22.698666,-303.319769
49.397041,236.81044,241.907516,0.647846,-2.847054,0.002361,73.511215,-176.049194,190.780548,-1.175244,24.114174,-412.859634
-23.455824,16.717419,28.803606,0.842627,-0.321345,0.288924,12.103724,-21.782032,24.91901,-1.063607,35.559547,-38.499451
-0.365448,31.948389,31.95048,0.827187,-0.980007,0.246172,29.425838,-25.740562,39.095478,-0.718694,29.791287,-57.688951
-49.025936,40.134117,63.358425,0.142458,-2.700262,0.231196,14.852116,-287.624329,288.007538,-1.519205,63.878052,-327.758446
-37.620071,133.951248,139.133774,0.020566,-4.968491,-0.016299,-67.088715,-342.656616,349.162506,-1.76414,-29.468643,-476.607864
7.366538,34.831207,35.601669,0.848664,-0.919496,0.286759,37.630318,-18.624252,41.986946,-0.459581,30.26378,-53.45546
52.954323,46.820038,70.684341,0.03552,-2.830326,0.019734,85.132706,-318.414734,329.59903,-1.309543,32.178383,-365.234772
12.43909,29.589745,32.098038,0.887416,-0.672457,0.397139,40.008392,1.061892,40.022484,0.026535,27.569303,-28.527853
-43.176437,193.852203,198.60231,0.382313,-4.259643,-0.035488,-81.391777,-235.690308,249.348236,-1.903308,-38.21534,-429.542511
9.900664,23.495384,25.496201,0.846327,-0.618645,0.643318,50.403801,0.377036,50.405212,0.00748,40.503137,-23.118348
17.525158,49.182716,52.211788,0.012274,-3.846345,0.006833,35.093441,-323.155396,325.055298,-1.462624,17.568283,-372.338112
-34.433975,-11.663175,36.355579,0.613423,-0.071494,0.395147,15.508662,-103.945068,105.09565,-1.422688,49.942637,-92.281894
-43.33728,235.767014,239.716934,0.547349,-3.472484,-0.160216,-127.883835,-180.894897,221.533844,-2.186172,-84.546555,-416.661911
-44.195366,-10.98394,45.539841,0.041582,-1.198232,-0.003964,-66.97216,-312.702942,319.794312,-1.781781,-22.776794,-301.719002
-50.985268,-6.421152,51.388023,0.661339,0.336493,-0.016528,-62.611259,-79.89357,101.504448,-2.235509,-11.625992,-73.472418
37.116642,16.541828,40.63591,0.174293,-1.327165,0.025395,62.653316,-265.578003,272.868286,-1.339119,25.536674,-282.119831
-67.763756,6.426724,68.067833,0.015585,-2.322877,-0.004577,-91.112854,-318.144714,330.934448,-1.849719,-23.349098,-324.571439
24.782858,226.560974,227.912415,0.577304,-3.249986,0.028183,55.320835,-188.521149,196.470398,-1.285363,30.537977,-415.082123
-63.943745,-19.468468,66.841782,0.3015,0.389909,-0.016458,-84.032784,-213.236847,229.197433,-1.94619,-20.089039,-193.768379
-45.248756,182.458206,187.985229,0.263671,-4.786214,-0.059227,-95.249924,-270.714355,286.982239,-1.909115,-50.001167,-453.172562
37.567348,-16.270142,40.939262,0.077325,-1.402905,0.015618,60.462807,-299.130798,305.180237,-1.371355,22.895458,-282.860657
41.797852,69.90564,81.448502,0.086683,-3.480371,0.006193,67.195267,-308.34613,315.582855,-1.356229,25.397415,-378.25177
-48.343571,-5.243489,48.627102,0.045476,-2.267065,-0.022056,-72.255051,-307.447784,315.824219,-1.801623,-23.91148,-302.204295
-54.327873,168.09874,176.659851,0.433599,-3.904156,0.257344,45.994354,-215.235229,220.094711,-1.360269,100.322227,-383.333969
56.24715,-3.007178,56.32748,0.603356,-0.014838,0.012387,68.966293,-101.840889,122.99559,-0.975539,12.719143,-98.833711
41.207645,148.977844,154.571884,0.084624,-5.081921,0.008226,71.89772,-327.602295,335.399078,-1.354755,30.690075,-476.580139
45.435768,169.286987,175.27832,0.265692,-4.58122,0.027717,81.586517,-267.661682,279.819824,-1.274931,36.150749,-436.948669
-48.548958,171.604294,178.339661,0.209673,-4.88331,-0.068063,-103.41507,-283.875427,302.125702,-1.920151,-54.866112,-455.479721
66.49321,-26.488745,71.575142,0.362819,0.819835,0.019839,85.206436,-189.80899,208.056702,-1.148852,18.713226,-163.320246
34.850285,4.324544,35.117573,0.028491,-2.23732,0.001938,53.747894,-318.139832,322.648102,-1.403432,18.89761,-322.464375
49.008705,263.589508,268.106842,0.768847,-1.972953,0.051647,90.381256,-145.376968,171.18187,-1.014572,41.372551,-408.966476
44.578503,-8.496103,45.380909,0.038084,-1.492507,0.018236,70.980408,-313.265594,321.20639,-1.347976,26.401905,-304.769491
54.940632,71.733437,90.355736,0.094909,-3.518571,0.011576,84.187332,-303.822174,315.270386,-1.300484,29.2467,-375.555611
-71.876823,233.068329,243.899826,0.764287,-2.010537,0.217921,10.547954,-154.187225,154.547607,-1.502493,82.424777,-387.255554
36.811764,222.3237,225.350693,0.577598,-3.245525,0.018744,65.174187,-186.232819,197.307724,-1.234156,28.362423,-408.556519
64.196304,5.504309,64.431847,0.009866,-1.282788,0.003749,92.112495,-323.153351,336.024994,-1.293118,27.916191,-328.65766
17.969782,76.712799,78.789383,0.346566,-3.107746,0.002073,34.141842,-214.863602,217.559265,-1.413214,16.17206,-291.576401
47.679615,235.867828,240.638687,0.672978,-2.647658,-0.01099,36.87117,-169.589432,173.551315,-1.356714,-10.808445,-405.45726
55.048347,166.872833,175.71814,0.207292,-4.885878,0.013557,88.580368,-288.333405,301.63327,-1.272733,33.532021,-455.206238
47.268372,60.818264,77.027008,0.048457,-3.268058,0.016067,77.521873,-317.060638,326.400208,-1.330999,30.253502,-377.878902
23.257692,128.800079,130.883087,0.386504,-3.781548,0.006639,42.87442,-217.81192,221.991547,-1.37644,19.616728,-346.612
16.424366,124.524506,125.602997,0.662343,-2.452337,-0.243626,-55.020935,-117.764137,129.983444,-2.007872,-71.445301,-242.288643
-56.395527,-3.359271,56.495487,0.621173,0.03001,-0.013324,-68.835327,-95.090134,117.390099,-2.19738,-12.4398,-91.730863
52.352489,44.772781,68.886757,0.012094,-3.703576,0.011205,74.145706,-323.521027,331.908783,-1.345503,21.793217,-368.293808
52.303024,239.684601,245.324905,0.622277,-3.050097,0.034756,89.726456,-182.923492,203.744553,-1.114767,37.423431,-422.608093
-55.956467,-2.296299,56.003563,0.123459,-0.651952,-0.005094,-78.680893,-278.746338,289.638062,-1.845906,-22.724426,-276.450039
30.414238,99.901642,104.428749,0.192192,-3.904789,0.003959,51.794262,-275.545593,280.371216,-1.384995,21.380024,-375.447235
-65.905258,-25.210512,70.562546,0.366053,0.763465,-0.019193,-84.427704,-188.708328,206.73381,-1.991484,-18.522446,-163.497816
57.322723,50.35133,76.296471,0.01294,-3.033797,0.001286,85.393814,-328.256012,339.181519,-1.316293,28.071091,-378.607342
-44.984634,13.553524,46.982075,0.010793,-2.748385,-0.015188,-70.169121,-323.776062,331.292389,-1.784217,-25.184486,-337.329586
32.938751,-14.176682,35.860001,0.076652,-1.812341,0.00354,51.434826,-297.484314,301.898071,-1.39959,18.496075,-283.307632
-54.226845,70.538101,88.972885,0.034575,-3.634724,-0.011821,-85.326874,-326.050568,337.030609,-1.826754,-31.100029,-396.588669
-49.302074,-8.495359,50.028648,0.624293,0.462341,-0.031103,-62.769684,-92.865761,112.089622,-2.165177,-13.467609,-84.370401
-66.083664,-24.554752,70.498131,0.345706,0.690781,-0.017328,-84.860413,-193.943604,211.696503,-1.98325,-18.776749,-169.388851
36.198448,141.515213,146.071503,0.003683,-5.226291,0.001751,58.02478,-350.939178,355.703766,-1.406937,21.826332,-492.454391
-47.074608,210.798035,215.990356,0.499719,-3.653265,-0.080276,-100.796875,-196.735672,221.054153,-2.044272,-53.722267,-407.533707
-55.702789,178.643921,187.126831,0.163831,-5.129245,-0.208462,-171.665894,-277.268646,326.109009,-2.125165,-115.963104,-455.912567
-57.860252,-4.645754,58.046463,0.56995,0.033584,-0.021059,-71.750443,-113.240723,134.058151,-2.135563,-13.89019,-108.594969
-53.577827,73.207611,90.719002,0.036594,-3.674699,-0.022207,-88.170815,-325.024597,336.771576,-1.835696,-34.592987,-398.232208
-57.923038,15.11694,59.863182,0.011202,-2.477456,-0.015112,-83.774361,-320.040344,330.823151,-1.826814,-25.851322,-335.157284
-67.18351,-25.163633,71.741425,0.225496,0.484697,-0.001017,-86.874458,-242.301575,257.404785,-1.915058,-19.690948,-217.137941
-97.737991,166.540405,193.102097,0.368251,-4.340978,0.402395,59.501373,-240.858521,248.099258,-1.328607,157.239365,-407.398926
36.928844,240.755829,243.571564,0.536634,-3.554409,0.172301,127.253632,-186.443451,225.731369,-0.97189,90.324787,-427.19928
-58.636192,242.713715,249.696106,0.633786,-2.958913,-0.073877,-111.033958,-171.226639,204.076218,-2.14609,-52.397766,-413.940353
-37.525524,-47.068073,60.196083,0.231295,-0.019881,-0.00445,-57.229637,-241.385132,248.07663,-1.803587,-19.704113,-194.317059
82.550232,150.559326,171.705139,0.77489,-1.824321,-0.352384,-19.058462,-109.118149,110.770012,-1.743711,-101.608694,-259.677475
39.184074,-36.288902,53.406704,0.269205,0.47574,0.01287,57.138107,-224.529083,231.685287,-1.321606,17.954033,-188.240181
50.799942,-4.12668,50.967281,0.688047,0.230895,0.013047,62.192734,-70.596428,94.083954,-0.8486,11.392792,-66.469748
-65.427452,20.042625,68.42849,0.001329,-2.398804,-0.005091,-91.956894,-326.360962,339.068634,-1.84544,-26.529442,-346.403587
-37.816788,16.03709,41.076729,0.191596,-1.320072,-0.000466,-56.859081,-260.302338,266.439972,-1.785853,-19.042294,-276.339428
53.687935,-6.140478,54.037949,0.242901,-0.263828,0.011526,73.983932,-233.896362,245.31842,-1.264444,20.295998,-227.755884
-33.411221,-38.958755,51.323429,0.139538,-1.046538,-0.016115,-53.978928,-275.640747,280.876404,-1.76418,-20.567707,-236.681992
38.016621,82.521004,90.856918,0,-3.717946,0.004072,56.92794,-339.16095,343.905426,-1.404497,18.91132,-421.681953
-34.407738,-32.781326,47.523762,0.153799,-0.712057,-0.011452,-53.797771,-270.628479,275.923859,-1.767027,-19.390034,-237.847153
39.854752,-30.362078,50.102467,0.128629,-0.911153,0.006701,59.28138,-279.975555,286.1828,-1.36214,19.426628,-249.613478
-30.115742,-41.216545,51.046661,0.141615,-1.457166,-0.004671,-47.231964,-275.387634,279.408691,-1.740654,-17.116222,-234.171089
57.296921,-3.306677,57.392258,0.621183,0.001053,0.008787,69.288239,-95.3069,117.831512,-0.942178,11.991318,-92.000223
39.322594,301.246063,303.801666,0.881451,-1.066938,0.084976,91.740952,-131.669373,160.478119,-0.962253,52.418358,-432.915436
-33.750587,-7.675128,34.612278,0.044582,-1.719267,-0.005862,-54.724445,-312.186035,316.946198,-1.744328,-20.973858,-304.510907
68.783447,-22.863234,72.483727,0.436306,0.92861,0.092797,95.31591,-154.65062,181.664352,-1.018456,26.532463,-131.787386
34.866371,-18.762417,39.594093,0.090054,-1.689347,0.007258,54.381592,-294.867554,299.840363,-1.388418,19.515221,-276.105137
66.547119,-7.491129,66.96743,0.072487,-0.587711,0.013558,94.730446,-298.754242,313.413391,-1.26374,28.183327,-291.263113
-25.864452,-51.434978,57.57193,0.182824,-0.945564,-0.01139,-44.979763,-259.714203,263.580444,-1.742285,-19.115311,-208.279224
63.501476,17.538771,65.879028,0,-2.175935,0.019126,92.842041,-326.205902,339.160645,-1.293516,29.340565,-343.744673
-37.603516,192.60878,196.245163,0.407942,-4.096488,-0.016539,-66.981346,-229.096481,238.687454,-1.85524,-29.377831,-421.705261
36.489738,64.212418,73.856178,0,-4.207424,0.010999,57.799278,-329.299408,334.333466,-1.397044,21.30954,-393.511826
-28.182343,203.680527,205.621017,0.73242,-2.169407,0.150315,30.573753,-135.200485,138.614304,-1.3484,58.756096,-338.881012
58.637619,196.204483,204.779327,0.520131,-3.505333,-0.09342,18.824312,-197.835815,198.729385,-1.475931,-39.813307,-394.040298
64.803078,292.47171,299.564911,0.859406,-1.265348,0.045458,106.661644,-145.17897,180.148941,-0.937165,41.858566,-437.650681
42.946526,13.20841,44.931793,0.049221,-1.37201,0.003582,67.011429,-312.051361,319.165466,-1.359264,24.064903,-325.259771
-40.887531,-4.732235,41.160469,0.044605,-2.112074,-0.008079,-61.79557,-311.63736,317.705109,-1.76655,-20.908039,-306.905124
10.34911,150.754807,151.109619,0.70696,-2.250897,-0.206152,-54.512215,-113.683495,126.077431,-2.017917,-64.861324,-264.438301
-43.728989,-5.742287,44.104404,0.649302,0.405006,-0.040143,-57.940311,-83.840363,101.913132,-2.17551,-14.211323,-78.098076
68.622681,-1.017412,68.630226,0.005105,-1.220403,0.008804,98.281898,-324.033173,338.610138,-1.276307,29.659218,-323.01576
-57.998188,-7.972813,58.543621,0.140291,-0.362765,-0.007083,-80.929779,-274.671204,286.345795,-1.857331,-22.931591,-266.698391
45.110374,204.506622,209.422791,0.45873,-3.930638,0.013673,74.155579,-218.633667,230.86734,-1.243795,29.045204,-423.140289
-42.01458,192.680817,197.208328,0.380363,-4.270517,-0.024859,-75.766693,-234.826035,246.746552,-1.882902,-33.752113,-427.506851
-64.123444,-18.80995,66.825371,0.299368,0.384975,-0.028554,-86.503586,-213.225876,230.104645,-1.956198,-22.380142,-194.415926
-42.481827,-19.956289,46.935688,0.090984,-1.397743,-0.008182,-63.608871,-293.992981,300.795532,-1.783874,-21.127045,-274.036692
45.710934,14.94613,48.092373,0.014862,-2.52381,0.016875,70.973877,-319.406677,327.197052,-1.352143,25.262943,-334.352807
-37.869011,144.292313,149.178864,0.448151,-3.625808,0.228682,46.129318,-198.495941,203.785553,-1.342455,83.998329,-342.788254
-48.844597,-17.527622,51.894241,0.068307,-1.838383,-0.029554,-74.570663,-300.890717,309.993561,-1.813734,-25.726067,-283.363094
-59.17997,-3.747182,59.298481,0.587624,0.009294,-0.029048,-73.694733,-106.175102,129.244217,-2.177543,-14.514763,-102.42792
36.587845,42.351273,55.966961,0,-3.043468,0.015292,60.842316,-328.96228,334.541443,-1.387911,24.254471,-371.313553
-42.67812,131.408813,138.165466,0,-4.822947,-0.007666,-61.341797,-338.644775,344.155609,-1.749992,-18.663677,-470.053589
-67.095543,-27.770058,72.615341,0.321237,0.801859,-0.014545,-86.13472,-203.134033,220.641388,-1.971844,-19.039177,-175.363976
47.643738,224.459518,229.460236,0.567363,-3.321325,0.056211,91.840752,-184.828995,206.389145,-1.109635,44.197014,-409.288513
-49.376884,166.971146,174.119034,0.18547,-5.003074,-0.00224,-77.666168,-298.325989,308.27005,-1.825483,-28.289284,-465.297134
52.969418,123.833275,134.686447,0.581141,-2.893939,-0.257097,-25.670536,-149.861343,152.044067,-1.740445,-78.639954,-273.694618
-51.745613,43.267277,67.45121,0,-3.299368,-0.020084,-77.575699,-327.91864,336.969757,-1.803096,-25.830086,-371.185917
40.840618,246.320328,249.683121,0.624119,-3.036641,0.07345,92.381081,-181.775787,203.903656,-1.100599,51.540462,-428.096115
-42.20303,303.307953,306.22998,0.873489,-1.138597,-0.097254,-100.441185,-135.553314,168.710205,-2.208494,-58.238155,-438.861267
-53.943733,242.643585,248.567566,0.794737,-1.752898,0.116102,-7.62061,-141.815765,142.02037,-1.624481,46.323123,-384.459351
-32.120609,48.75478,58.384605,0.120929,-2.723342,-0.008469,-55.071991,-292.498444,297.637787,-1.756899,-22.951382,-341.253223
58.399223,45.93737,74.301483,0,-2.83617,0.004984,82.918594,-330.119659,340.374023,-1.32471,24.519371,-376.05703
-68.334694,-4.117976,68.458656,0.054677,-0.783391,-0.021769,-99.69754,-304.624695,320.524261,-1.887089,-31.362846,-300.506719
7.279315,76.195908,76.542831,0.446023,-2.817414,0.002985,22.613266,-177.817474,179.249588,-1.444304,15.333951,-254.013382
-54.188278,293.102051,298.069092,0.876706,-1.109645,-0.053064,-96.479431,-133.586441,164.783554,-2.196283,-42.291153,-426.688492
-36.680122,42.957237,56.486774,0.017984,-3.776756,-0.010616,-56.024979,-322.447815,327.278778,-1.742828,-19.344856,-365.405052
20.27149,125.313118,126.942162,0.576906,-2.908154,0.018903,41.182549,-151.189438,156.697952,-1.304858,20.911058,-276.502556
-67.176987,-6.908783,67.531319,0.055928,-0.673407,-0.003657,-93.628868,-305.573151,319.595551,-1.868118,-26.451881,-298.664367
-64.355377,213.499756,222.988251,0.578747,-3.234072,0.05823,-38.430729,-188.248123,192.13089,-1.772178,25.924648,-401.747879
53.900864,215.415039,222.056183,0.416542,-4.223392,0.153841,141.040466,-211.775757,254.443283,-0.983263,87.139603,-427.190796
44.987297,25.413713,51.669273,0.010577,-1.990674,0.004439,71.14399,-328.335999,335.955353,-1.357414,26.156693,-353.749712
-25.787943,166.338913,168.326035,0.850805,-1.273581,0.280031,53.070389,-81.427628,97.19529,-0.993192,78.858332,-247.766541
70.114693,131.628143,149.13765,0.465261,-3.522192,-0.417934,-67.017181,-186.602966,198.272461,-1.915593,-137.131874,-318.23111
-38.144482,242.612137,245.592438,0.636742,-2.936074,-0.042141,-76.450195,-177.81868,193.556488,-1.976838,-38.305714,-420.430817
-60.618317,214.409027,222.8134,0.557086,-3.394471,0.057048,-34.065754,-195.120773,198.072189,-1.743642,26.552563,-409.5298
53.278282,-2.237431,53.325245,0.250087,-0.480322,0.00297,71.691483,-234.301331,245.024048,-1.273862,18.4132,-232.0639
47.448055,245.286606,249.833618,0.640416,-2.907,0.08043,101.249855,-171.815277,199.429245,-1.038285,53.8018,-417.101883
-52.697693,50.157528,72.751801,0.002718,-3.017876,-0.010494,-83.309845,-334.460724,344.680298,-1.814916,-30.612152,-384.618252
-45.910675,0.103433,45.910793,0.016873,-1.602651,-0.018321,-73.018829,-318.539795,326.801697,-1.796133,-27.108154,-318.643228
-21.541197,159.907639,161.35202,0.765022,-1.90086,0.281743,61.105705,-97.837067,115.351631,-1.012509,82.646902,-257.744705
40.839661,-4.395481,41.07552,0.031204,-1.797978,0.008489,63.902054,-316.674591,323.057678,-1.371679,23.062393,-312.27911
60.661568,-10.368866,61.541363,0.196401,-0.20534,0.008626,82.398163,-253.37854,266.439758,-1.256385,21.736595,-243.009674
62.900414,39.020309,74.020584,0,-2.609247,0.001919,87.266251,-333.395447,344.627228,-1.31479,24.365837,-372.415756
